id,predicted_option
a78209a5-9800-45d5-9cab-4838388d53e7,A
18c1a5f9-d998-414e-bb9c-991191c10710,A
179b5138-d8ce-4e02-9445-ada73b642671,A
bc7fdabc-0c33-4e85-befe-0015ca601164,A
783df438-362f-4ab5-a8b3-11ea2bfb2af7,A
1d7028cb-08b7-422e-8feb-26392e8f97dc,A
3ea8bac5-2e0f-4f6f-8f5e-c9c1ef405a76,A
f213cf1e-b5d6-4a25-8027-f1e39514ff20,A
f3a56182-648b-4ca9-9e60-6ef497b1b54f,A
82f0f5d7-996b-49cc-8c8c-b9ff7cb35ecc,A
0f86c441-70a5-466d-b59f-1512fe88cbfd,A
f22298ec-ab82-48ba-b238-b99bc3ea35d3,A
28b7a6ea-c657-4da7-81dc-88457a064655,A
c5b472d1-468e-437e-97fc-9b1c2411af53,A
870f28d5-6352-429f-a3c0-a881671f6d37,A
3298a422-a9d1-4c22-969e-7141e50e8552,A
d321d320-c06f-4d18-9aa2-dae718851dfd,A
14a9e3be-384f-4b56-99c5-dfd851243951,A
535bf03d-8714-46a8-84a0-13bf499129f7,A
29d2e3e3-3b3c-4b84-af19-e8e98c5e104e,A
e59188f6-856a-4300-a2fa-176a8a1b030a,A
05863ba7-3f7b-48eb-a74b-7cd2598065b4,A
c3b4d610-571b-4e86-be27-d41b8b2efc65,A
e7278113-c555-4128-a8df-cbd10ca7833f,A
70d87e90-4362-422a-9611-847021b23c33,A
740f528e-5192-44dc-89a3-4e2a1249e3c6,A
1badc5bb-d61a-48ea-9288-3754612f74a5,A
dabfee93-2e1b-4e6c-bff6-03c025bd986f,A
153cdf4a-8f6c-4478-8af5-2ef9d7a111b2,A
91670015-d49a-46d1-9ca2-925f832c300e,A
673a0bbe-b4d8-46bb-83b0-e01658f9f22f,A
93d8bac0-76ae-4440-91c0-fa3b724bbc65,A
e4610f09-b587-47c8-99ff-c8967f481322,A
a1bea2c7-217e-4240-a208-541618437eec,A
c4bcd30a-daa7-4da1-9316-83c2cbb64532,A
de4374af-70ba-41e4-b46a-5159e73a690e,A
00667233-3ef5-4759-bac2-850f41c6cdfc,A
7cfc2dcb-313a-4722-98b1-ac63c7b49e75,A
b64a9cd7-d076-4c55-8be1-f9c44fece6cc,A
0f2b4bd8-8032-44cf-bf8e-ff24900ded1e,A
890982b8-3906-44be-aff1-437a7c6c373d,A
75394ad7-5dde-4b6b-8cec-7365972b5dd6,A
b12749bc-ed37-4f12-9d45-029e1a0916b0,A
5900458a-b839-47eb-a745-b93e35ba2d40,A
4a131164-eb3c-4152-9556-b81ae98e2066,A
fc83df2a-e58c-4bb9-b4e8-d20541d3f9c4,A
7060bcf3-fde4-41e3-ad46-260857a92b46,A
422e1a54-04f3-4193-ac55-61c4ae8b23a9,A
17d49a43-a8cf-43c9-9c9e-70a42e741af1,A
743b8121-1201-4592-a552-25cad3198d07,A
dd210467-68c5-4566-9cad-34e5ffa22bc9,A
7f0270fd-7d45-43ec-b77e-0038115bb845,A
3a13e9bb-48ab-46c1-9d50-e1612840d922,A
820b79a8-3eef-494b-a007-995db6b5258c,A
b192b045-d178-4bbf-8796-3c26dae548f3,A
8e686bff-ca17-4507-89bc-cce7d6ab9e7f,A
5f65e5aa-a984-49bd-aad6-0292fa0e07d8,A
d2398cd6-b205-4fb3-a4c4-9e575662b0bf,A
238019d8-3c6b-486e-9d00-fda1273d22e7,A
f184a533-98b4-43ad-b1f5-70edc6704d9e,A
f3022374-f442-471a-b015-f438366b61e3,A
26a82f11-4261-4975-bee9-ae8d4e74cdb7,A
71803632-1b88-4332-88f5-be3ac2515b85,A
eae21df0-06e3-49cb-a1f0-1ac41966e11a,A
1a217f0a-2e93-40b4-b07c-79904e521375,A
2cc9a274-380c-4a8e-b2b6-6c8ae412c55b,A
e845e625-845e-4d02-ab3f-e00f2284d62e,A
8a8401da-6bcd-46d5-bf27-72371291311e,A
17360c6c-2c98-4fe2-aa85-487dcf4678df,A
4ffc9c91-2230-44f7-826f-91b8d683ab20,A
f32e7596-5c32-4ea2-922d-d2c60d0e3097,A
55093e71-8916-4f25-9524-9425d51455e1,A
17ac8fd0-4e2e-41f5-8a01-93d34668a77e,A
80066b5e-d621-4912-b7fd-f1e867a9c8d4,A
565d9d77-689a-4e68-bd65-7016980692ba,A
298fc434-3b3e-48bf-bd3b-cd93efb45fdb,A
8c2a3258-e79f-4872-9de3-a0abc701f711,A
1c392503-537c-4926-a3bc-3daf8ddefeb3,A
bd9727ab-e559-41ba-9006-304697e2c9b7,A
653d9209-e3ec-4f56-bb30-6e9f74c210df,A
8d2e7fe2-3354-44c2-8cdf-55ff23caaebb,A
e881fcb0-a4f2-45ed-97cf-c53045f98e30,A
90481eeb-fa12-4a3d-8348-dd3f1758167c,A
a963bf66-e44e-445f-b3ba-26efcd836ad9,A
64fefa75-a0d1-45da-a81b-961ed7565c9c,A
b02a0880-4fc7-46d1-83a9-d86a8f1f077c,A
2e264a60-ba19-4880-bc92-5c42c121eee8,A
14e05154-05a2-4472-a63e-261d765893ae,A
f3f3ad74-951f-4907-913d-f5c6c6c2dd2a,A
d8ae56a0-ea28-4047-9387-b0d1cf376fc4,A
315212cd-d605-4f61-8d4e-535ef7847059,A
32a94b3a-7d3c-4586-bbc0-e70f4d07e31a,A
d4e13d7b-8ca9-447e-b93d-e8b86afd017a,A
b3163789-82b3-4054-aabe-3a2b90aa7a98,A
59ecbb71-66e3-4d3c-b963-b9ef607449e0,A
a9dccfec-0882-4012-aa1b-e74bb18bf47e,A
069b7516-54c4-4e5d-acf7-a7c92fdd2a01,A
a570d3c3-865a-41b6-8e21-dccbf7feec4c,A
360f90ec-189e-464a-a60d-ed9d9bda46ef,A
0cd0e1c4-aabe-4ac3-ae2b-83b0633cb376,A
c6f6754f-21ac-49d0-b8cd-8bf25049d813,A
aadafd4c-cb37-460b-8e6f-28f42d01dd60,A
fb4ea4bd-0f5f-40fa-b377-d0ae72b374a1,A
1acc9c45-12a8-4fd0-92e6-c7980c21348a,A
eb01af3c-48a4-484b-a376-1074eb7450e2,A
a078a54d-e02d-43f3-8d18-a64ee201c427,A
2dd59aba-38c0-4aff-a000-1bcb640254ff,A
eddd8435-1826-40ba-97d9-83a73e23a5f3,A
0bac3e65-9fec-4c0b-b29e-251ebc04aec0,A
86e32f87-3ea8-40e9-9968-a5b689d54f0d,A
3c7f7351-8925-4c0e-89e7-1d4b8e806797,A
80ca7074-85db-4ead-9b69-23c32b811d94,A
bbe12324-c347-478e-b5bb-9a39e8969571,A
723bfe80-93c4-411e-8fcf-d6d99cb53ef0,A
f8420128-0bd2-4a3e-b54f-d99fd7eb7070,A
5bc29ae1-a1a8-4c3b-a11e-e469be9f0640,A
62081a5c-5ffc-4a88-9aca-c9e430490e73,A
f204b864-ca16-4d18-9d0c-6c6a9cb3533a,A
b0060b73-4e6b-4537-a556-c1fb94a65c4a,A
58d24187-ca26-4e5b-a3d9-c57ce0ff543b,A
87f6392c-b727-4e7d-be12-189db181fd2b,A
45d2b684-c55a-400b-ab09-76ee3a9ba64b,A
9603526f-8c7d-4618-963d-be8a05c28a94,A
086cd30e-0ed9-4b7b-9346-38529b1445b8,A
bb51425d-0636-48c5-89ca-4358036b933b,A
700fb2a4-66cc-4d8e-890d-c8d0840b287f,A
d8458f0b-fe46-465b-9f9d-85ff2379f6e1,A
8b3e79da-c35a-4d0c-8bb1-ba5bb9f20949,A
d2a908d2-59df-4591-9a9c-1212a0ce7347,A
6ef5b644-f5aa-47bc-ab51-2a580580d453,A
b687604e-5145-4aa3-ba07-56c624e501ec,A
05f7f85c-a5f7-438b-a8b4-afd025228b21,A
679512f7-f5af-4b3a-b7a1-851938dec9c5,A
83935f21-0298-409f-aabc-ac42dc4c0e00,A
51bdbdd1-de3d-45e7-8bfb-dbd36e1ae434,A
4d39dabb-c57f-4a2d-a979-fd4347773e76,A
2617e9f9-7ba9-4f7c-b182-f7dbff771148,A
f6bb3faa-6ccb-4838-a2d9-1ae2f2d63e7d,A
d5f7c86d-3441-4fdd-8618-8510dbead871,A
a7a74ef5-0ff4-474c-b160-bd1c4fa24434,A
57eb90ac-1025-4763-b6c0-ff5581ef2126,A
d8c8d387-cac9-4633-b85c-9fd5f0aa2dd2,A
efa0e92a-b11b-4c1c-a97d-8b4409430caa,A
8b91d707-6038-40de-8833-d865318f791e,A
662c0f6c-a3d9-48a4-b21a-0cc20ef76b87,A
c70d078e-2a95-4779-b8d5-6050a5b58394,A
fff1837f-cb64-4f0a-9832-6d611b8e9f28,A
0c826104-685f-4601-beb6-d9d102c15cbd,A
ee55a9bc-62bb-4952-957a-1902ff5b4376,A
c0ed32bb-dbf2-4184-91f0-ee93c27f119f,A
06cab4ad-fb49-4daa-92db-5ee3529af02f,A
43d111d5-07dd-464c-88c4-c14a27b9f6be,A
845fbff7-6332-49ce-8ecb-d62616e2ae9a,A
10b14133-7f8a-43dd-ab66-b0cfd0c784c2,A
58ffad4a-5613-4d26-88b2-a4bb2ce2b9e6,A
d3b541c9-d300-4ced-9a2c-c64eaa672ff0,A
46fe2094-87db-4117-b06f-7a7bebb94646,A
99ebfb54-f46f-4053-8ef1-3c931d657bdb,A
0545a2b0-b535-46ee-843b-a8adf5c97c40,A
54d61676-f03f-4c52-a706-26481e10ec98,A
0827b7a4-82ff-4ede-bd25-21da1822eb9c,A
01731260-fa5c-45ae-bbf3-5aed1b1cb9b9,A
1bcbe056-96b4-41aa-a7aa-044d7d2ac555,A
fd315adc-df4b-4a81-895b-6f093eeb71b2,A
e21be124-85de-4313-bc26-ff82218fce73,A
818e92da-69f5-41d8-a15a-f22c851140fb,A
6bce210a-7174-4c76-b1f0-9bc3f5c835fc,A
5ce754b8-b358-4270-9bd1-8828700a19b1,A
4c74361f-7de5-4a70-9221-c8f5c9554081,A
b2378ac9-d9c4-415f-9e8d-f77a39b6117a,A
714eb700-67f2-4ce9-ab0d-ffdf8660ac08,A
36926004-cb1c-46b4-a6b2-f12c13dd8ab3,A
6e5da328-bb2e-4848-bdff-56a722ca8d7b,A
723bd8c7-6da8-4897-8a1b-dd87891f24a7,A
16380c80-a853-44da-b7a8-e9a8e8aaab67,A
fe1ce20a-009c-45a2-8279-bff1d2e4abcf,A
b63d8163-5256-417b-8736-bc123eea66b1,A
549d38f4-993a-4009-ae9c-c0a7638437e8,A
ad195e5d-7f52-42cc-a183-b05e3181d0ab,A
47f8f5d9-4611-4a68-9e8f-2993951ccc95,A
4e8f5ba7-452a-464f-a328-d8b96eafade6,A
e621e03f-d935-427f-a7a7-14f6f9a0efab,A
ee904a2e-7494-46ef-b976-22be596ed44f,A
862bcd0f-8fb5-4ff7-b242-5898ea4f0c69,A
6ccd520c-4355-48c5-8635-66b64dd157f1,A
1163160d-9432-4143-98af-ef59704fc876,A
a79f09ab-a292-4a46-ac30-dbf9daadc72a,A
d49f81a6-24c9-40e0-952f-8ff63eb6947d,A
f9be858f-ef2f-475e-9c82-ced530a1a623,A
e45de5c9-41f3-4aed-a77a-9a1cc3ee63db,A
00aa1776-c20f-40c5-9412-11932a24f9bf,A
82e0c97f-b421-4836-a0ec-602fb1045910,A
8d8150e4-2224-4ac1-b41e-b8353a744dcc,A
cafc0a38-bb29-4271-a180-95433a85392c,A
6b3b112c-3f6a-4f33-afe6-421e410a1700,A
aff4bd90-ab90-45b7-8ef7-2b02c25da7ad,A
8b3e9e1d-8571-49ef-a5ef-806c18ad079e,A
9700977a-4009-4233-8fab-fe55e727be6b,A
044e8f11-ca21-4220-9ddc-0fca648ed401,A
5a49f825-bf30-48d5-a10d-5bf1a3f5dd1c,A
19567e6c-e0f7-4201-816d-23b58786f586,A
29e07bd0-f864-4738-bdbc-491f1205287f,A
7f3f6968-3304-4039-89b0-eebab7f702b4,A
fb834019-2bb9-4944-a0a0-0121cc6156fb,A
05898954-fc92-4bad-9b79-bfc238a3d416,A
f1cbc766-a7ea-44ec-ba8b-997ffc3a028a,A
44483815-3319-493d-b156-d3663a4d61a1,A
70097b1a-1f7a-4c04-ba9e-2f1489f0fb11,A
0b749e6e-3f81-4303-9377-3b49a2bd6ee5,A
f5f3cd4b-3180-4f0e-b585-d681407b89d0,A
94e49b87-631d-4d93-bdf8-e8e71ae04654,A
3d3896ce-b736-4e9a-bb7e-cb4608cdd29a,A
e3840b78-8e45-4c14-83da-2a1ed7178d7e,A
7254944a-e40f-40ee-931d-8769dd163301,A
b0ed6bc7-e3ee-4e1b-abf2-b0fecb47c96c,A
c3a007df-7c45-4ef1-a1b9-9814f4045ad2,A
541cbd4f-c0d8-43b8-bebe-9fabaa9023cd,A
bdc7d080-b3a4-4edb-acc4-08a35d181e75,A
c953149a-a76d-47a2-8d08-35614f87217a,A
66b9ec80-bfe0-485a-89ae-42e666aab572,A
8ba2ca7c-9ae4-4771-9e9c-0e44250ca6b5,A
769fac02-71ac-4554-bade-5d6a9a5edfb4,A
e9c312b7-2cc1-41ec-8daa-a55d69514721,A
796d7b5d-f79d-4c6a-860c-198e9404ea07,A
9220447e-0ac6-41b7-b22d-07d1340b3641,A
2075da99-9c63-4a88-944a-b1abd40f6720,A
ef3c0dca-5a44-4569-ba14-14ed9fd9a5a5,A
67add9f9-94b5-40b2-904d-fb4965fb8309,A
3e4d2174-1e88-4652-9aed-78e71215ffe8,A
e726a65e-0874-481f-b20e-717b951a7b73,A
8ad57c73-2ace-4454-810b-03aebb65f424,A
55028fba-fc8a-4c77-ad53-33e7cebc34e6,A
406b5b4f-9ad4-42c0-9669-12d038df4ac8,A
2767698c-2189-4770-a4fd-825b7b7edf9c,A
aefae2fe-eb5f-411d-95a2-e7823c010a40,A
0671ba93-8d80-4028-be83-24a1d3adec61,A
1bb2cc45-79b6-45f8-add8-e6832e5090f0,A
27c3f1c6-a7e4-44fc-9e48-085254585c08,A
3419bb2a-2a24-4ddc-b217-ee00b981afeb,A
4cb6b49b-3422-4add-9f90-7a7d6678be62,A
4f5f8f0f-7956-4d71-b7ad-d29b76eda55f,A
a2106819-7406-4698-8f7d-b166a05fe17e,A
745734e9-afe6-4098-bd64-66ee49c64dc0,A
e5e1f694-5bce-4ea7-8d47-b629076533e1,A
a02c508f-6cf6-4699-b134-e50fd2d84fee,A
f0f91922-12fd-4213-871c-19e47532a6d6,A
4873ac63-79fe-4fdb-a63b-1c4064b80d15,A
e8b34af9-6a4b-42cf-90ce-fb46a23db79d,A
e62b12e5-0a92-44d3-95b0-33bbf59bd891,A
c8f62b0d-908c-494c-9ccf-90297f3647a6,A
